name,address
digitalpurity,0x8F45a76B743C58F7CB55318E3e93C171DC4D37DC
MarcyMane,0xadae5e259cd199d12a92d7a5bbfdec22bb9923a8
MsMMMcG,0xc553394dec0eb10f584f874034bddef087636063
nickblanco,0x65a8d782b90fe5384ff9508b10b26462e1b85707
mighty33,0x8c62dd796e13ad389ad0bfda44bb231d317ef6c6
Hvdson,0x376275c4f9e4fffd8a89a90852f253f8e3373f67
worldchampion,0x1abba808ce2950a263965c16c5d1ca2b3bea8ea1
wasthatawolf,0x13ac2c9314c262f1b79d5a9b331b625b15ef029f
meltinginlava,0x99d35ed27b4e65b411da2674bf00c12dfc0a55e4
andraesteed,0x26324411b0acce4974724c9e3616962c6b709db4
win32,0x6b2a5f06314be38b6854cc93652d739bab76c980
RhysLangston,0x97ba1e509f47079eedba92206a07800abb55ea6b
ParisOG,0x5b833a74bd2277aba28bf688547d8f5df5f3f763
jimmyspacev,0xbb4839c63fb47af438e51b38380256f8a4a7b919
afuturemodern,0x5ab45fb874701d910140e58ea62518566709c408
natekodi,0x481682c6183bbaaf0b8b8136875dfa24bf508826